rank,formula,ratio,lossless,original_bytes,compressed_bytes,throughput_mbps
1,RLE,0.483536,1,46160,22320,689.05
2,DELTA+RLE,0.529116,1,46160,24424,574.08
3,MTF+RLE,0.531629,1,46160,24540,49.01
4,DELTA+MTF+RLE,0.615901,1,46160,28430,50.38
5,DELTA,1.000000,1,46160,46160,3137.15
6,MTF,1.000000,1,46160,46160,52.74
7,RLE+RLE,0.631109,0,46160,29132,294.85
